label,text_combined
0,"Quarterly Newsletter Released

Hello everyone,

Join us for the staff meeting next Monday at 10 AM in the main conference room. An invite has been sent to your calendar.

Best,
Office Manager"
0,"Wellbeing Check-In Survey

Hello everyone,

Join us for the staff meeting next Monday at 10 AM in the main conference room. An invite has been sent to your calendar.

Best,
Office Manager"
1,"Security Notice: Confirm Identity

Hello,

You must reset your password to maintain access to your account.

Reset now: https://password-reset.com/reset/15891

Thank you,
IT Department"
0,"Wellbeing Check-In Survey

Hi team,

Just a friendly reminder to submit your timesheets before Friday. If you've already done so, no further action is needed.

Thanks,
Finance Ops"
1,"URGENT: Verify Your Account Immediately

Hello,

You must reset your password to maintain access to your account.

Reset now: https://password-reset.com/reset/92035

Thank you,
IT Department"
1,"Unauthorized Login Attempt Detected

Dear user,

We've detected suspicious activity on your account. To protect your data, please verify your identity immediately.

Click here to verify: https://secure-verify.com/session/42016

Failure to comply will result in account suspension.

Sincerely,
Security Team"
0,"Welcome Our New Team Member

Hi team,

Just a friendly reminder to submit your timesheets before Friday. If you've already done so, no further action is needed.

Thanks,
Finance Ops"
1,"Unauthorized Login Attempt Detected

Hello,

You must reset your password to maintain access to your account.

Reset now: https://password-reset.com/reset/56055

Thank you,
IT Department"
0,"Wellbeing Check-In Survey

Hi team,

Just a friendly reminder to submit your timesheets before Friday. If you've already done so, no further action is needed.

Thanks,
Finance Ops"
1,"Security Notice: Confirm Identity

Dear user,

We've detected suspicious activity on your account. To protect your data, please verify your identity immediately.

Click here to verify: https://secure-verify.com/session/94148

Failure to comply will result in account suspension.

Sincerely,
Security Team"
1,"Security Notice: Confirm Identity

Hello,

You must reset your password to maintain access to your account.

Reset now: https://password-reset.com/reset/15960

Thank you,
IT Department"
0,"Quarterly Newsletter Released

Hello everyone,

Join us for the staff meeting next Monday at 10 AM in the main conference room. An invite has been sent to your calendar.

Best,
Office Manager"
1,"Action Needed: Reset Your Password

Hello,

You must reset your password to maintain access to your account.

Reset now: https://password-reset.com/reset/83177

Thank you,
IT Department"
1,"URGENT: Verify Your Account Immediately

Hello,

You must reset your password to maintain access to your account.

Reset now: https://password-reset.com/reset/80248

Thank you,
IT Department"
1,"Your Account Has Been Compromised

Hello,

You must reset your password to maintain access to your account.

Reset now: https://password-reset.com/reset/55012

Thank you,
IT Department"
1,"Security Notice: Confirm Identity

Hello,

You must reset your password to maintain access to your account.

Reset now: https://password-reset.com/reset/58333

Thank you,
IT Department"
0,"Wellbeing Check-In Survey

Hi team,

Just a friendly reminder to submit your timesheets before Friday. If you've already done so, no further action is needed.

Thanks,
Finance Ops"
0,"Quarterly Newsletter Released

Hi team,

Just a friendly reminder to submit your timesheets before Friday. If you've already done so, no further action is needed.

Thanks,
Finance Ops"
0,"Quarterly Newsletter Released

Hi team,

Just a friendly reminder to submit your timesheets before Friday. If you've already done so, no further action is needed.

Thanks,
Finance Ops"
0,"Wellbeing Check-In Survey

Hi team,

Just a friendly reminder to submit your timesheets before Friday. If you've already done so, no further action is needed.

Thanks,
Finance Ops"
1,"URGENT: Verify Your Account Immediately

Dear user,

We've detected suspicious activity on your account. To protect your data, please verify your identity immediately.

Click here to verify: https://secure-verify.com/session/98421

Failure to comply will result in account suspension.

Sincerely,
Security Team"
1,"Unauthorized Login Attempt Detected

Dear user,

We've detected suspicious activity on your account. To protect your data, please verify your identity immediately.

Click here to verify: https://secure-verify.com/session/32948

Failure to comply will result in account suspension.

Sincerely,
Security Team"
0,"Quarterly Newsletter Released

Hello everyone,

Join us for the staff meeting next Monday at 10 AM in the main conference room. An invite has been sent to your calendar.

Best,
Office Manager"
0,"Reminder: Submit Your Timesheets

Hello everyone,

Join us for the staff meeting next Monday at 10 AM in the main conference room. An invite has been sent to your calendar.

Best,
Office Manager"
1,"Action Needed: Reset Your Password

Dear user,

We've detected suspicious activity on your account. To protect your data, please verify your identity immediately.

Click here to verify: https://secure-verify.com/session/89587

Failure to comply will result in account suspension.

Sincerely,
Security Team"
0,"Wellbeing Check-In Survey

Hi team,

Just a friendly reminder to submit your timesheets before Friday. If you've already done so, no further action is needed.

Thanks,
Finance Ops"
1,"Your Account Has Been Compromised

Dear user,

We've detected suspicious activity on your account. To protect your data, please verify your identity immediately.

Click here to verify: https://secure-verify.com/session/91188

Failure to comply will result in account suspension.

Sincerely,
Security Team"
0,"Wellbeing Check-In Survey

Hello everyone,

Join us for the staff meeting next Monday at 10 AM in the main conference room. An invite has been sent to your calendar.

Best,
Office Manager"
0,"Wellbeing Check-In Survey

Hi team,

Just a friendly reminder to submit your timesheets before Friday. If you've already done so, no further action is needed.

Thanks,
Finance Ops"
1,"URGENT: Verify Your Account Immediately

Dear user,

We've detected suspicious activity on your account. To protect your data, please verify your identity immediately.

Click here to verify: https://secure-verify.com/session/55422

Failure to comply will result in account suspension.

Sincerely,
Security Team"
0,"Welcome Our New Team Member

Hi team,

Just a friendly reminder to submit your timesheets before Friday. If you've already done so, no further action is needed.

Thanks,
Finance Ops"
1,"Your Account Has Been Compromised

Dear user,

We've detected suspicious activity on your account. To protect your data, please verify your identity immediately.

Click here to verify: https://secure-verify.com/session/38893

Failure to comply will result in account suspension.

Sincerely,
Security Team"
0,"Reminder: Submit Your Timesheets

Hello everyone,

Join us for the staff meeting next Monday at 10 AM in the main conference room. An invite has been sent to your calendar.

Best,
Office Manager"
1,"Your Account Has Been Compromised

Dear user,

We've detected suspicious activity on your account. To protect your data, please verify your identity immediately.

Click here to verify: https://secure-verify.com/session/24384

Failure to comply will result in account suspension.

Sincerely,
Security Team"
0,"Welcome Our New Team Member

Hello everyone,

Join us for the staff meeting next Monday at 10 AM in the main conference room. An invite has been sent to your calendar.

Best,
Office Manager"
1,"Your Account Has Been Compromised

Hello,

You must reset your password to maintain access to your account.

Reset now: https://password-reset.com/reset/32078

Thank you,
IT Department"
1,"Security Notice: Confirm Identity

Hello,

You must reset your password to maintain access to your account.

Reset now: https://password-reset.com/reset/67499

Thank you,
IT Department"
0,"Welcome Our New Team Member

Hello everyone,

Join us for the staff meeting next Monday at 10 AM in the main conference room. An invite has been sent to your calendar.

Best,
Office Manager"
1,"Security Notice: Confirm Identity

Dear user,

We've detected suspicious activity on your account. To protect your data, please verify your identity immediately.

Click here to verify: https://secure-verify.com/session/95887

Failure to comply will result in account suspension.

Sincerely,
Security Team"
1,"URGENT: Verify Your Account Immediately

Dear user,

We've detected suspicious activity on your account. To protect your data, please verify your identity immediately.

Click here to verify: https://secure-verify.com/session/46119

Failure to comply will result in account suspension.

Sincerely,
Security Team"
0,"Wellbeing Check-In Survey

Hello everyone,

Join us for the staff meeting next Monday at 10 AM in the main conference room. An invite has been sent to your calendar.

Best,
Office Manager"
1,"Action Needed: Reset Your Password

Hello,

You must reset your password to maintain access to your account.

Reset now: https://password-reset.com/reset/47406

Thank you,
IT Department"
1,"URGENT: Verify Your Account Immediately

Dear user,

We've detected suspicious activity on your account. To protect your data, please verify your identity immediately.

Click here to verify: https://secure-verify.com/session/60820

Failure to comply will result in account suspension.

Sincerely,
Security Team"
1,"Unauthorized Login Attempt Detected

Hello,

You must reset your password to maintain access to your account.

Reset now: https://password-reset.com/reset/88006

Thank you,
IT Department"
1,"Unauthorized Login Attempt Detected

Hello,

You must reset your password to maintain access to your account.

Reset now: https://password-reset.com/reset/44871

Thank you,
IT Department"
0,"Welcome Our New Team Member

Hello everyone,

Join us for the staff meeting next Monday at 10 AM in the main conference room. An invite has been sent to your calendar.

Best,
Office Manager"
1,"URGENT: Verify Your Account Immediately

Hello,

You must reset your password to maintain access to your account.

Reset now: https://password-reset.com/reset/17633

Thank you,
IT Department"
1,"URGENT: Verify Your Account Immediately

Dear user,

We've detected suspicious activity on your account. To protect your data, please verify your identity immediately.

Click here to verify: https://secure-verify.com/session/51998

Failure to comply will result in account suspension.

Sincerely,
Security Team"
1,"Unauthorized Login Attempt Detected

Hello,

You must reset your password to maintain access to your account.

Reset now: https://password-reset.com/reset/42217

Thank you,
IT Department"
1,"Your Account Has Been Compromised

Dear user,

We've detected suspicious activity on your account. To protect your data, please verify your identity immediately.

Click here to verify: https://secure-verify.com/session/96420

Failure to comply will result in account suspension.

Sincerely,
Security Team"
1,"URGENT: Verify Your Account Immediately

Dear user,

We've detected suspicious activity on your account. To protect your data, please verify your identity immediately.

Click here to verify: https://secure-verify.com/session/68867

Failure to comply will result in account suspension.

Sincerely,
Security Team"
0,"Upcoming Staff Meeting on Monday

Hi team,

Just a friendly reminder to submit your timesheets before Friday. If you've already done so, no further action is needed.

Thanks,
Finance Ops"
0,"Quarterly Newsletter Released

Hi team,

Just a friendly reminder to submit your timesheets before Friday. If you've already done so, no further action is needed.

Thanks,
Finance Ops"
1,"URGENT: Verify Your Account Immediately

Dear user,

We've detected suspicious activity on your account. To protect your data, please verify your identity immediately.

Click here to verify: https://secure-verify.com/session/33333

Failure to comply will result in account suspension.

Sincerely,
Security Team"
0,"Quarterly Newsletter Released

Hi team,

Just a friendly reminder to submit your timesheets before Friday. If you've already done so, no further action is needed.

Thanks,
Finance Ops"
1,"Your Account Has Been Compromised

Hello,

You must reset your password to maintain access to your account.

Reset now: https://password-reset.com/reset/82699

Thank you,
IT Department"
0,"Quarterly Newsletter Released

Hi team,

Just a friendly reminder to submit your timesheets before Friday. If you've already done so, no further action is needed.

Thanks,
Finance Ops"
1,"Unauthorized Login Attempt Detected

Hello,

You must reset your password to maintain access to your account.

Reset now: https://password-reset.com/reset/71794

Thank you,
IT Department"
1,"Your Account Has Been Compromised

Hello,

You must reset your password to maintain access to your account.

Reset now: https://password-reset.com/reset/86123

Thank you,
IT Department"
1,"Unauthorized Login Attempt Detected

Hello,

You must reset your password to maintain access to your account.

Reset now: https://password-reset.com/reset/86044

Thank you,
IT Department"
1,"Unauthorized Login Attempt Detected

Hello,

You must reset your password to maintain access to your account.

Reset now: https://password-reset.com/reset/96256

Thank you,
IT Department"
0,"Upcoming Staff Meeting on Monday

Hello everyone,

Join us for the staff meeting next Monday at 10 AM in the main conference room. An invite has been sent to your calendar.

Best,
Office Manager"
0,"Wellbeing Check-In Survey

Hi team,

Just a friendly reminder to submit your timesheets before Friday. If you've already done so, no further action is needed.

Thanks,
Finance Ops"
1,"Unauthorized Login Attempt Detected

Dear user,

We've detected suspicious activity on your account. To protect your data, please verify your identity immediately.

Click here to verify: https://secure-verify.com/session/14331

Failure to comply will result in account suspension.

Sincerely,
Security Team"
1,"Security Notice: Confirm Identity

Hello,

You must reset your password to maintain access to your account.

Reset now: https://password-reset.com/reset/92813

Thank you,
IT Department"
1,"Unauthorized Login Attempt Detected

Hello,

You must reset your password to maintain access to your account.

Reset now: https://password-reset.com/reset/83596

Thank you,
IT Department"
0,"Quarterly Newsletter Released

Hello everyone,

Join us for the staff meeting next Monday at 10 AM in the main conference room. An invite has been sent to your calendar.

Best,
Office Manager"
0,"Wellbeing Check-In Survey

Hello everyone,

Join us for the staff meeting next Monday at 10 AM in the main conference room. An invite has been sent to your calendar.

Best,
Office Manager"
0,"Wellbeing Check-In Survey

Hello everyone,

Join us for the staff meeting next Monday at 10 AM in the main conference room. An invite has been sent to your calendar.

Best,
Office Manager"
1,"Your Account Has Been Compromised

Hello,

You must reset your password to maintain access to your account.

Reset now: https://password-reset.com/reset/71465

Thank you,
IT Department"
0,"Upcoming Staff Meeting on Monday

Hello everyone,

Join us for the staff meeting next Monday at 10 AM in the main conference room. An invite has been sent to your calendar.

Best,
Office Manager"
1,"URGENT: Verify Your Account Immediately

Hello,

You must reset your password to maintain access to your account.

Reset now: https://password-reset.com/reset/36076

Thank you,
IT Department"
1,"Your Account Has Been Compromised

Dear user,

We've detected suspicious activity on your account. To protect your data, please verify your identity immediately.

Click here to verify: https://secure-verify.com/session/21510

Failure to comply will result in account suspension.

Sincerely,
Security Team"
1,"Security Notice: Confirm Identity

Dear user,

We've detected suspicious activity on your account. To protect your data, please verify your identity immediately.

Click here to verify: https://secure-verify.com/session/58814

Failure to comply will result in account suspension.

Sincerely,
Security Team"
0,"Reminder: Submit Your Timesheets

Hello everyone,

Join us for the staff meeting next Monday at 10 AM in the main conference room. An invite has been sent to your calendar.

Best,
Office Manager"
0,"Reminder: Submit Your Timesheets

Hello everyone,

Join us for the staff meeting next Monday at 10 AM in the main conference room. An invite has been sent to your calendar.

Best,
Office Manager"
0,"Quarterly Newsletter Released

Hello everyone,

Join us for the staff meeting next Monday at 10 AM in the main conference room. An invite has been sent to your calendar.

Best,
Office Manager"
0,"Wellbeing Check-In Survey

Hi team,

Just a friendly reminder to submit your timesheets before Friday. If you've already done so, no further action is needed.

Thanks,
Finance Ops"
1,"Security Notice: Confirm Identity

Hello,

You must reset your password to maintain access to your account.

Reset now: https://password-reset.com/reset/86866

Thank you,
IT Department"
0,"Reminder: Submit Your Timesheets

Hello everyone,

Join us for the staff meeting next Monday at 10 AM in the main conference room. An invite has been sent to your calendar.

Best,
Office Manager"
1,"Security Notice: Confirm Identity

Hello,

You must reset your password to maintain access to your account.

Reset now: https://password-reset.com/reset/49085

Thank you,
IT Department"
1,"Unauthorized Login Attempt Detected

Hello,

You must reset your password to maintain access to your account.

Reset now: https://password-reset.com/reset/84757

Thank you,
IT Department"
0,"Reminder: Submit Your Timesheets

Hello everyone,

Join us for the staff meeting next Monday at 10 AM in the main conference room. An invite has been sent to your calendar.

Best,
Office Manager"
0,"Wellbeing Check-In Survey

Hi team,

Just a friendly reminder to submit your timesheets before Friday. If you've already done so, no further action is needed.

Thanks,
Finance Ops"
0,"Wellbeing Check-In Survey

Hi team,

Just a friendly reminder to submit your timesheets before Friday. If you've already done so, no further action is needed.

Thanks,
Finance Ops"
1,"Unauthorized Login Attempt Detected

Dear user,

We've detected suspicious activity on your account. To protect your data, please verify your identity immediately.

Click here to verify: https://secure-verify.com/session/10496

Failure to comply will result in account suspension.

Sincerely,
Security Team"
0,"Wellbeing Check-In Survey

Hello everyone,

Join us for the staff meeting next Monday at 10 AM in the main conference room. An invite has been sent to your calendar.

Best,
Office Manager"
0,"Welcome Our New Team Member

Hi team,

Just a friendly reminder to submit your timesheets before Friday. If you've already done so, no further action is needed.

Thanks,
Finance Ops"
1,"Action Needed: Reset Your Password

Hello,

You must reset your password to maintain access to your account.

Reset now: https://password-reset.com/reset/30143

Thank you,
IT Department"
1,"Action Needed: Reset Your Password

Hello,

You must reset your password to maintain access to your account.

Reset now: https://password-reset.com/reset/81021

Thank you,
IT Department"
0,"Wellbeing Check-In Survey

Hi team,

Just a friendly reminder to submit your timesheets before Friday. If you've already done so, no further action is needed.

Thanks,
Finance Ops"
0,"Wellbeing Check-In Survey

Hi team,

Just a friendly reminder to submit your timesheets before Friday. If you've already done so, no further action is needed.

Thanks,
Finance Ops"
1,"Your Account Has Been Compromised

Dear user,

We've detected suspicious activity on your account. To protect your data, please verify your identity immediately.

Click here to verify: https://secure-verify.com/session/41997

Failure to comply will result in account suspension.

Sincerely,
Security Team"
0,"Upcoming Staff Meeting on Monday

Hello everyone,

Join us for the staff meeting next Monday at 10 AM in the main conference room. An invite has been sent to your calendar.

Best,
Office Manager"
1,"Action Needed: Reset Your Password

Dear user,

We've detected suspicious activity on your account. To protect your data, please verify your identity immediately.

Click here to verify: https://secure-verify.com/session/84182

Failure to comply will result in account suspension.

Sincerely,
Security Team"
0,"Wellbeing Check-In Survey

Hi team,

Just a friendly reminder to submit your timesheets before Friday. If you've already done so, no further action is needed.

Thanks,
Finance Ops"
0,"Upcoming Staff Meeting on Monday

Hello everyone,

Join us for the staff meeting next Monday at 10 AM in the main conference room. An invite has been sent to your calendar.

Best,
Office Manager"
0,"Reminder: Submit Your Timesheets

Hi team,

Just a friendly reminder to submit your timesheets before Friday. If you've already done so, no further action is needed.

Thanks,
Finance Ops"
0,"Wellbeing Check-In Survey

Hi team,

Just a friendly reminder to submit your timesheets before Friday. If you've already done so, no further action is needed.

Thanks,
Finance Ops"
1,"Your Account Has Been Compromised

Hello,

You must reset your password to maintain access to your account.

Reset now: https://password-reset.com/reset/75398

Thank you,
IT Department"
0,"Reminder: Submit Your Timesheets

Hi team,

Just a friendly reminder to submit your timesheets before Friday. If you've already done so, no further action is needed.

Thanks,
Finance Ops"
1,"Action Needed: Reset Your Password

Dear user,

We've detected suspicious activity on your account. To protect your data, please verify your identity immediately.

Click here to verify: https://secure-verify.com/session/92836

Failure to comply will result in account suspension.

Sincerely,
Security Team"
1,"Action Needed: Reset Your Password

Hello,

You must reset your password to maintain access to your account.

Reset now: https://password-reset.com/reset/36680

Thank you,
IT Department"
1,"Action Needed: Reset Your Password

Dear user,

We've detected suspicious activity on your account. To protect your data, please verify your identity immediately.

Click here to verify: https://secure-verify.com/session/21578

Failure to comply will result in account suspension.

Sincerely,
Security Team"
1,"Action Needed: Reset Your Password

Hello,

You must reset your password to maintain access to your account.

Reset now: https://password-reset.com/reset/37785

Thank you,
IT Department"
1,"Action Needed: Reset Your Password

Hello,

You must reset your password to maintain access to your account.

Reset now: https://password-reset.com/reset/74779

Thank you,
IT Department"
1,"Action Needed: Reset Your Password

Hello,

You must reset your password to maintain access to your account.

Reset now: https://password-reset.com/reset/98745

Thank you,
IT Department"
1,"Security Notice: Confirm Identity

Hello,

You must reset your password to maintain access to your account.

Reset now: https://password-reset.com/reset/23145

Thank you,
IT Department"
0,"Upcoming Staff Meeting on Monday

Hello everyone,

Join us for the staff meeting next Monday at 10 AM in the main conference room. An invite has been sent to your calendar.

Best,
Office Manager"
0,"Upcoming Staff Meeting on Monday

Hello everyone,

Join us for the staff meeting next Monday at 10 AM in the main conference room. An invite has been sent to your calendar.

Best,
Office Manager"
1,"Security Notice: Confirm Identity

Hello,

You must reset your password to maintain access to your account.

Reset now: https://password-reset.com/reset/96735

Thank you,
IT Department"
0,"Welcome Our New Team Member

Hello everyone,

Join us for the staff meeting next Monday at 10 AM in the main conference room. An invite has been sent to your calendar.

Best,
Office Manager"
0,"Quarterly Newsletter Released

Hi team,

Just a friendly reminder to submit your timesheets before Friday. If you've already done so, no further action is needed.

Thanks,
Finance Ops"
0,"Upcoming Staff Meeting on Monday

Hi team,

Just a friendly reminder to submit your timesheets before Friday. If you've already done so, no further action is needed.

Thanks,
Finance Ops"
0,"Reminder: Submit Your Timesheets

Hi team,

Just a friendly reminder to submit your timesheets before Friday. If you've already done so, no further action is needed.

Thanks,
Finance Ops"
1,"URGENT: Verify Your Account Immediately

Dear user,

We've detected suspicious activity on your account. To protect your data, please verify your identity immediately.

Click here to verify: https://secure-verify.com/session/73475

Failure to comply will result in account suspension.

Sincerely,
Security Team"
1,"Unauthorized Login Attempt Detected

Hello,

You must reset your password to maintain access to your account.

Reset now: https://password-reset.com/reset/25010

Thank you,
IT Department"
0,"Quarterly Newsletter Released

Hello everyone,

Join us for the staff meeting next Monday at 10 AM in the main conference room. An invite has been sent to your calendar.

Best,
Office Manager"
0,"Reminder: Submit Your Timesheets

Hello everyone,

Join us for the staff meeting next Monday at 10 AM in the main conference room. An invite has been sent to your calendar.

Best,
Office Manager"
0,"Reminder: Submit Your Timesheets

Hello everyone,

Join us for the staff meeting next Monday at 10 AM in the main conference room. An invite has been sent to your calendar.

Best,
Office Manager"
1,"URGENT: Verify Your Account Immediately

Hello,

You must reset your password to maintain access to your account.

Reset now: https://password-reset.com/reset/74110

Thank you,
IT Department"
1,"Security Notice: Confirm Identity

Dear user,

We've detected suspicious activity on your account. To protect your data, please verify your identity immediately.

Click here to verify: https://secure-verify.com/session/75469

Failure to comply will result in account suspension.

Sincerely,
Security Team"
1,"Your Account Has Been Compromised

Hello,

You must reset your password to maintain access to your account.

Reset now: https://password-reset.com/reset/63324

Thank you,
IT Department"
0,"Reminder: Submit Your Timesheets

Hi team,

Just a friendly reminder to submit your timesheets before Friday. If you've already done so, no further action is needed.

Thanks,
Finance Ops"
1,"URGENT: Verify Your Account Immediately

Dear user,

We've detected suspicious activity on your account. To protect your data, please verify your identity immediately.

Click here to verify: https://secure-verify.com/session/72074

Failure to comply will result in account suspension.

Sincerely,
Security Team"
1,"Security Notice: Confirm Identity

Dear user,

We've detected suspicious activity on your account. To protect your data, please verify your identity immediately.

Click here to verify: https://secure-verify.com/session/95775

Failure to comply will result in account suspension.

Sincerely,
Security Team"
0,"Reminder: Submit Your Timesheets

Hi team,

Just a friendly reminder to submit your timesheets before Friday. If you've already done so, no further action is needed.

Thanks,
Finance Ops"
0,"Wellbeing Check-In Survey

Hi team,

Just a friendly reminder to submit your timesheets before Friday. If you've already done so, no further action is needed.

Thanks,
Finance Ops"
1,"Your Account Has Been Compromised

Dear user,

We've detected suspicious activity on your account. To protect your data, please verify your identity immediately.

Click here to verify: https://secure-verify.com/session/68480

Failure to comply will result in account suspension.

Sincerely,
Security Team"
0,"Upcoming Staff Meeting on Monday

Hi team,

Just a friendly reminder to submit your timesheets before Friday. If you've already done so, no further action is needed.

Thanks,
Finance Ops"
0,"Reminder: Submit Your Timesheets

Hi team,

Just a friendly reminder to submit your timesheets before Friday. If you've already done so, no further action is needed.

Thanks,
Finance Ops"
1,"Unauthorized Login Attempt Detected

Hello,

You must reset your password to maintain access to your account.

Reset now: https://password-reset.com/reset/79869

Thank you,
IT Department"
0,"Quarterly Newsletter Released

Hello everyone,

Join us for the staff meeting next Monday at 10 AM in the main conference room. An invite has been sent to your calendar.

Best,
Office Manager"
1,"Unauthorized Login Attempt Detected

Hello,

You must reset your password to maintain access to your account.

Reset now: https://password-reset.com/reset/94620

Thank you,
IT Department"
1,"Security Notice: Confirm Identity

Dear user,

We've detected suspicious activity on your account. To protect your data, please verify your identity immediately.

Click here to verify: https://secure-verify.com/session/81093

Failure to comply will result in account suspension.

Sincerely,
Security Team"
1,"Unauthorized Login Attempt Detected

Hello,

You must reset your password to maintain access to your account.

Reset now: https://password-reset.com/reset/95990

Thank you,
IT Department"
0,"Upcoming Staff Meeting on Monday

Hi team,

Just a friendly reminder to submit your timesheets before Friday. If you've already done so, no further action is needed.

Thanks,
Finance Ops"
0,"Reminder: Submit Your Timesheets

Hello everyone,

Join us for the staff meeting next Monday at 10 AM in the main conference room. An invite has been sent to your calendar.

Best,
Office Manager"
0,"Welcome Our New Team Member

Hi team,

Just a friendly reminder to submit your timesheets before Friday. If you've already done so, no further action is needed.

Thanks,
Finance Ops"
0,"Quarterly Newsletter Released

Hello everyone,

Join us for the staff meeting next Monday at 10 AM in the main conference room. An invite has been sent to your calendar.

Best,
Office Manager"
1,"Your Account Has Been Compromised

Dear user,

We've detected suspicious activity on your account. To protect your data, please verify your identity immediately.

Click here to verify: https://secure-verify.com/session/55203

Failure to comply will result in account suspension.

Sincerely,
Security Team"
1,"Action Needed: Reset Your Password

Dear user,

We've detected suspicious activity on your account. To protect your data, please verify your identity immediately.

Click here to verify: https://secure-verify.com/session/51660

Failure to comply will result in account suspension.

Sincerely,
Security Team"
0,"Welcome Our New Team Member

Hello everyone,

Join us for the staff meeting next Monday at 10 AM in the main conference room. An invite has been sent to your calendar.

Best,
Office Manager"
1,"URGENT: Verify Your Account Immediately

Hello,

You must reset your password to maintain access to your account.

Reset now: https://password-reset.com/reset/84477

Thank you,
IT Department"
1,"Security Notice: Confirm Identity

Hello,

You must reset your password to maintain access to your account.

Reset now: https://password-reset.com/reset/30608

Thank you,
IT Department"
0,"Wellbeing Check-In Survey

Hi team,

Just a friendly reminder to submit your timesheets before Friday. If you've already done so, no further action is needed.

Thanks,
Finance Ops"
1,"Action Needed: Reset Your Password

Dear user,

We've detected suspicious activity on your account. To protect your data, please verify your identity immediately.

Click here to verify: https://secure-verify.com/session/48294

Failure to comply will result in account suspension.

Sincerely,
Security Team"
1,"Action Needed: Reset Your Password

Hello,

You must reset your password to maintain access to your account.

Reset now: https://password-reset.com/reset/82802

Thank you,
IT Department"
1,"Unauthorized Login Attempt Detected

Hello,

You must reset your password to maintain access to your account.

Reset now: https://password-reset.com/reset/27073

Thank you,
IT Department"
0,"Quarterly Newsletter Released

Hi team,

Just a friendly reminder to submit your timesheets before Friday. If you've already done so, no further action is needed.

Thanks,
Finance Ops"
1,"Action Needed: Reset Your Password

Dear user,

We've detected suspicious activity on your account. To protect your data, please verify your identity immediately.

Click here to verify: https://secure-verify.com/session/27941

Failure to comply will result in account suspension.

Sincerely,
Security Team"
0,"Welcome Our New Team Member

Hi team,

Just a friendly reminder to submit your timesheets before Friday. If you've already done so, no further action is needed.

Thanks,
Finance Ops"
0,"Welcome Our New Team Member

Hello everyone,

Join us for the staff meeting next Monday at 10 AM in the main conference room. An invite has been sent to your calendar.

Best,
Office Manager"
1,"Your Account Has Been Compromised

Hello,

You must reset your password to maintain access to your account.

Reset now: https://password-reset.com/reset/72694

Thank you,
IT Department"
1,"Action Needed: Reset Your Password

Dear user,

We've detected suspicious activity on your account. To protect your data, please verify your identity immediately.

Click here to verify: https://secure-verify.com/session/58034

Failure to comply will result in account suspension.

Sincerely,
Security Team"
1,"Unauthorized Login Attempt Detected

Hello,

You must reset your password to maintain access to your account.

Reset now: https://password-reset.com/reset/25506

Thank you,
IT Department"
1,"Security Notice: Confirm Identity

Dear user,

We've detected suspicious activity on your account. To protect your data, please verify your identity immediately.

Click here to verify: https://secure-verify.com/session/84132

Failure to comply will result in account suspension.

Sincerely,
Security Team"
1,"URGENT: Verify Your Account Immediately

Hello,

You must reset your password to maintain access to your account.

Reset now: https://password-reset.com/reset/16221

Thank you,
IT Department"
0,"Upcoming Staff Meeting on Monday

Hello everyone,

Join us for the staff meeting next Monday at 10 AM in the main conference room. An invite has been sent to your calendar.

Best,
Office Manager"
0,"Reminder: Submit Your Timesheets

Hi team,

Just a friendly reminder to submit your timesheets before Friday. If you've already done so, no further action is needed.

Thanks,
Finance Ops"
0,"Wellbeing Check-In Survey

Hi team,

Just a friendly reminder to submit your timesheets before Friday. If you've already done so, no further action is needed.

Thanks,
Finance Ops"
0,"Reminder: Submit Your Timesheets

Hello everyone,

Join us for the staff meeting next Monday at 10 AM in the main conference room. An invite has been sent to your calendar.

Best,
Office Manager"
0,"Upcoming Staff Meeting on Monday

Hello everyone,

Join us for the staff meeting next Monday at 10 AM in the main conference room. An invite has been sent to your calendar.

Best,
Office Manager"
1,"Unauthorized Login Attempt Detected

Hello,

You must reset your password to maintain access to your account.

Reset now: https://password-reset.com/reset/50265

Thank you,
IT Department"
0,"Reminder: Submit Your Timesheets

Hello everyone,

Join us for the staff meeting next Monday at 10 AM in the main conference room. An invite has been sent to your calendar.

Best,
Office Manager"
1,"Action Needed: Reset Your Password

Dear user,

We've detected suspicious activity on your account. To protect your data, please verify your identity immediately.

Click here to verify: https://secure-verify.com/session/11858

Failure to comply will result in account suspension.

Sincerely,
Security Team"
0,"Reminder: Submit Your Timesheets

Hello everyone,

Join us for the staff meeting next Monday at 10 AM in the main conference room. An invite has been sent to your calendar.

Best,
Office Manager"
1,"Security Notice: Confirm Identity

Hello,

You must reset your password to maintain access to your account.

Reset now: https://password-reset.com/reset/73698

Thank you,
IT Department"
1,"URGENT: Verify Your Account Immediately

Dear user,

We've detected suspicious activity on your account. To protect your data, please verify your identity immediately.

Click here to verify: https://secure-verify.com/session/98128

Failure to comply will result in account suspension.

Sincerely,
Security Team"
0,"Reminder: Submit Your Timesheets

Hello everyone,

Join us for the staff meeting next Monday at 10 AM in the main conference room. An invite has been sent to your calendar.

Best,
Office Manager"
1,"Unauthorized Login Attempt Detected

Hello,

You must reset your password to maintain access to your account.

Reset now: https://password-reset.com/reset/87181

Thank you,
IT Department"
1,"Security Notice: Confirm Identity

Hello,

You must reset your password to maintain access to your account.

Reset now: https://password-reset.com/reset/75465

Thank you,
IT Department"
1,"Your Account Has Been Compromised

Hello,

You must reset your password to maintain access to your account.

Reset now: https://password-reset.com/reset/96196

Thank you,
IT Department"
1,"URGENT: Verify Your Account Immediately

Hello,

You must reset your password to maintain access to your account.

Reset now: https://password-reset.com/reset/11703

Thank you,
IT Department"
1,"Security Notice: Confirm Identity

Hello,

You must reset your password to maintain access to your account.

Reset now: https://password-reset.com/reset/40071

Thank you,
IT Department"
0,"Quarterly Newsletter Released

Hi team,

Just a friendly reminder to submit your timesheets before Friday. If you've already done so, no further action is needed.

Thanks,
Finance Ops"
1,"Unauthorized Login Attempt Detected

Dear user,

We've detected suspicious activity on your account. To protect your data, please verify your identity immediately.

Click here to verify: https://secure-verify.com/session/40786

Failure to comply will result in account suspension.

Sincerely,
Security Team"
0,"Quarterly Newsletter Released

Hello everyone,

Join us for the staff meeting next Monday at 10 AM in the main conference room. An invite has been sent to your calendar.

Best,
Office Manager"
1,"Your Account Has Been Compromised

Hello,

You must reset your password to maintain access to your account.

Reset now: https://password-reset.com/reset/29772

Thank you,
IT Department"
1,"Action Needed: Reset Your Password

Hello,

You must reset your password to maintain access to your account.

Reset now: https://password-reset.com/reset/26772

Thank you,
IT Department"
1,"URGENT: Verify Your Account Immediately

Hello,

You must reset your password to maintain access to your account.

Reset now: https://password-reset.com/reset/78535

Thank you,
IT Department"
1,"URGENT: Verify Your Account Immediately

Dear user,

We've detected suspicious activity on your account. To protect your data, please verify your identity immediately.

Click here to verify: https://secure-verify.com/session/77421

Failure to comply will result in account suspension.

Sincerely,
Security Team"
1,"Your Account Has Been Compromised

Hello,

You must reset your password to maintain access to your account.

Reset now: https://password-reset.com/reset/54323

Thank you,
IT Department"
1,"Action Needed: Reset Your Password

Hello,

You must reset your password to maintain access to your account.

Reset now: https://password-reset.com/reset/48285

Thank you,
IT Department"
1,"URGENT: Verify Your Account Immediately

Dear user,

We've detected suspicious activity on your account. To protect your data, please verify your identity immediately.

Click here to verify: https://secure-verify.com/session/62526

Failure to comply will result in account suspension.

Sincerely,
Security Team"
1,"URGENT: Verify Your Account Immediately

Hello,

You must reset your password to maintain access to your account.

Reset now: https://password-reset.com/reset/89401

Thank you,
IT Department"
0,"Upcoming Staff Meeting on Monday

Hello everyone,

Join us for the staff meeting next Monday at 10 AM in the main conference room. An invite has been sent to your calendar.

Best,
Office Manager"
0,"Welcome Our New Team Member

Hi team,

Just a friendly reminder to submit your timesheets before Friday. If you've already done so, no further action is needed.

Thanks,
Finance Ops"
0,"Reminder: Submit Your Timesheets

Hi team,

Just a friendly reminder to submit your timesheets before Friday. If you've already done so, no further action is needed.

Thanks,
Finance Ops"
1,"URGENT: Verify Your Account Immediately

Hello,

You must reset your password to maintain access to your account.

Reset now: https://password-reset.com/reset/98283

Thank you,
IT Department"
1,"Security Notice: Confirm Identity

Hello,

You must reset your password to maintain access to your account.

Reset now: https://password-reset.com/reset/28282

Thank you,
IT Department"
1,"Unauthorized Login Attempt Detected

Dear user,

We've detected suspicious activity on your account. To protect your data, please verify your identity immediately.

Click here to verify: https://secure-verify.com/session/46537

Failure to comply will result in account suspension.

Sincerely,
Security Team"
0,"Upcoming Staff Meeting on Monday

Hello everyone,

Join us for the staff meeting next Monday at 10 AM in the main conference room. An invite has been sent to your calendar.

Best,
Office Manager"
1,"Security Notice: Confirm Identity

Hello,

You must reset your password to maintain access to your account.

Reset now: https://password-reset.com/reset/70358

Thank you,
IT Department"
0,"Upcoming Staff Meeting on Monday

Hi team,

Just a friendly reminder to submit your timesheets before Friday. If you've already done so, no further action is needed.

Thanks,
Finance Ops"
0,"Wellbeing Check-In Survey

Hello everyone,

Join us for the staff meeting next Monday at 10 AM in the main conference room. An invite has been sent to your calendar.

Best,
Office Manager"
0,"Reminder: Submit Your Timesheets

Hi team,

Just a friendly reminder to submit your timesheets before Friday. If you've already done so, no further action is needed.

Thanks,
Finance Ops"
0,"Quarterly Newsletter Released

Hi team,

Just a friendly reminder to submit your timesheets before Friday. If you've already done so, no further action is needed.

Thanks,
Finance Ops"
0,"Reminder: Submit Your Timesheets

Hello everyone,

Join us for the staff meeting next Monday at 10 AM in the main conference room. An invite has been sent to your calendar.

Best,
Office Manager"
0,"Wellbeing Check-In Survey

Hello everyone,

Join us for the staff meeting next Monday at 10 AM in the main conference room. An invite has been sent to your calendar.

Best,
Office Manager"
1,"Unauthorized Login Attempt Detected

Hello,

You must reset your password to maintain access to your account.

Reset now: https://password-reset.com/reset/51974

Thank you,
IT Department"
0,"Quarterly Newsletter Released

Hello everyone,

Join us for the staff meeting next Monday at 10 AM in the main conference room. An invite has been sent to your calendar.

Best,
Office Manager"
0,"Upcoming Staff Meeting on Monday

Hello everyone,

Join us for the staff meeting next Monday at 10 AM in the main conference room. An invite has been sent to your calendar.

Best,
Office Manager"
0,"Welcome Our New Team Member

Hi team,

Just a friendly reminder to submit your timesheets before Friday. If you've already done so, no further action is needed.

Thanks,
Finance Ops"
0,"Wellbeing Check-In Survey

Hello everyone,

Join us for the staff meeting next Monday at 10 AM in the main conference room. An invite has been sent to your calendar.

Best,
Office Manager"
1,"URGENT: Verify Your Account Immediately

Dear user,

We've detected suspicious activity on your account. To protect your data, please verify your identity immediately.

Click here to verify: https://secure-verify.com/session/29119

Failure to comply will result in account suspension.

Sincerely,
Security Team"
1,"Unauthorized Login Attempt Detected

Hello,

You must reset your password to maintain access to your account.

Reset now: https://password-reset.com/reset/14678

Thank you,
IT Department"
1,"Action Needed: Reset Your Password

Hello,

You must reset your password to maintain access to your account.

Reset now: https://password-reset.com/reset/37684

Thank you,
IT Department"
0,"Upcoming Staff Meeting on Monday

Hello everyone,

Join us for the staff meeting next Monday at 10 AM in the main conference room. An invite has been sent to your calendar.

Best,
Office Manager"
1,"Your Account Has Been Compromised

Hello,

You must reset your password to maintain access to your account.

Reset now: https://password-reset.com/reset/56549

Thank you,
IT Department"
0,"Wellbeing Check-In Survey

Hi team,

Just a friendly reminder to submit your timesheets before Friday. If you've already done so, no further action is needed.

Thanks,
Finance Ops"
1,"Your Account Has Been Compromised

Hello,

You must reset your password to maintain access to your account.

Reset now: https://password-reset.com/reset/57537

Thank you,
IT Department"
1,"Security Notice: Confirm Identity

Dear user,

We've detected suspicious activity on your account. To protect your data, please verify your identity immediately.

Click here to verify: https://secure-verify.com/session/80245

Failure to comply will result in account suspension.

Sincerely,
Security Team"
0,"Upcoming Staff Meeting on Monday

Hi team,

Just a friendly reminder to submit your timesheets before Friday. If you've already done so, no further action is needed.

Thanks,
Finance Ops"
0,"Welcome Our New Team Member

Hi team,

Just a friendly reminder to submit your timesheets before Friday. If you've already done so, no further action is needed.

Thanks,
Finance Ops"
1,"Your Account Has Been Compromised

Hello,

You must reset your password to maintain access to your account.

Reset now: https://password-reset.com/reset/57803

Thank you,
IT Department"
0,"Wellbeing Check-In Survey

Hello everyone,

Join us for the staff meeting next Monday at 10 AM in the main conference room. An invite has been sent to your calendar.

Best,
Office Manager"
0,"Welcome Our New Team Member

Hello everyone,

Join us for the staff meeting next Monday at 10 AM in the main conference room. An invite has been sent to your calendar.

Best,
Office Manager"
0,"Quarterly Newsletter Released

Hello everyone,

Join us for the staff meeting next Monday at 10 AM in the main conference room. An invite has been sent to your calendar.

Best,
Office Manager"
0,"Wellbeing Check-In Survey

Hi team,

Just a friendly reminder to submit your timesheets before Friday. If you've already done so, no further action is needed.

Thanks,
Finance Ops"
0,"Quarterly Newsletter Released

Hi team,

Just a friendly reminder to submit your timesheets before Friday. If you've already done so, no further action is needed.

Thanks,
Finance Ops"
1,"Action Needed: Reset Your Password

Hello,

You must reset your password to maintain access to your account.

Reset now: https://password-reset.com/reset/27298

Thank you,
IT Department"
0,"Reminder: Submit Your Timesheets

Hello everyone,

Join us for the staff meeting next Monday at 10 AM in the main conference room. An invite has been sent to your calendar.

Best,
Office Manager"
1,"Your Account Has Been Compromised

Dear user,

We've detected suspicious activity on your account. To protect your data, please verify your identity immediately.

Click here to verify: https://secure-verify.com/session/33815

Failure to comply will result in account suspension.

Sincerely,
Security Team"
1,"Action Needed: Reset Your Password

Dear user,

We've detected suspicious activity on your account. To protect your data, please verify your identity immediately.

Click here to verify: https://secure-verify.com/session/76823

Failure to comply will result in account suspension.

Sincerely,
Security Team"
1,"Your Account Has Been Compromised

Hello,

You must reset your password to maintain access to your account.

Reset now: https://password-reset.com/reset/18982

Thank you,
IT Department"
1,"Unauthorized Login Attempt Detected

Hello,

You must reset your password to maintain access to your account.

Reset now: https://password-reset.com/reset/13971

Thank you,
IT Department"
0,"Wellbeing Check-In Survey

Hello everyone,

Join us for the staff meeting next Monday at 10 AM in the main conference room. An invite has been sent to your calendar.

Best,
Office Manager"
1,"Your Account Has Been Compromised

Dear user,

We've detected suspicious activity on your account. To protect your data, please verify your identity immediately.

Click here to verify: https://secure-verify.com/session/24896

Failure to comply will result in account suspension.

Sincerely,
Security Team"
0,"Quarterly Newsletter Released

Hi team,

Just a friendly reminder to submit your timesheets before Friday. If you've already done so, no further action is needed.

Thanks,
Finance Ops"
1,"Unauthorized Login Attempt Detected

Dear user,

We've detected suspicious activity on your account. To protect your data, please verify your identity immediately.

Click here to verify: https://secure-verify.com/session/64933

Failure to comply will result in account suspension.

Sincerely,
Security Team"
0,"Welcome Our New Team Member

Hi team,

Just a friendly reminder to submit your timesheets before Friday. If you've already done so, no further action is needed.

Thanks,
Finance Ops"
0,"Quarterly Newsletter Released

Hello everyone,

Join us for the staff meeting next Monday at 10 AM in the main conference room. An invite has been sent to your calendar.

Best,
Office Manager"
1,"Security Notice: Confirm Identity

Dear user,

We've detected suspicious activity on your account. To protect your data, please verify your identity immediately.

Click here to verify: https://secure-verify.com/session/19531

Failure to comply will result in account suspension.

Sincerely,
Security Team"
1,"Your Account Has Been Compromised

Hello,

You must reset your password to maintain access to your account.

Reset now: https://password-reset.com/reset/58954

Thank you,
IT Department"
0,"Welcome Our New Team Member

Hello everyone,

Join us for the staff meeting next Monday at 10 AM in the main conference room. An invite has been sent to your calendar.

Best,
Office Manager"
0,"Upcoming Staff Meeting on Monday

Hello everyone,

Join us for the staff meeting next Monday at 10 AM in the main conference room. An invite has been sent to your calendar.

Best,
Office Manager"
0,"Welcome Our New Team Member

Hi team,

Just a friendly reminder to submit your timesheets before Friday. If you've already done so, no further action is needed.

Thanks,
Finance Ops"
0,"Reminder: Submit Your Timesheets

Hi team,

Just a friendly reminder to submit your timesheets before Friday. If you've already done so, no further action is needed.

Thanks,
Finance Ops"
0,"Welcome Our New Team Member

Hi team,

Just a friendly reminder to submit your timesheets before Friday. If you've already done so, no further action is needed.

Thanks,
Finance Ops"
0,"Welcome Our New Team Member

Hi team,

Just a friendly reminder to submit your timesheets before Friday. If you've already done so, no further action is needed.

Thanks,
Finance Ops"
1,"Security Notice: Confirm Identity

Dear user,

We've detected suspicious activity on your account. To protect your data, please verify your identity immediately.

Click here to verify: https://secure-verify.com/session/53625

Failure to comply will result in account suspension.

Sincerely,
Security Team"
1,"Security Notice: Confirm Identity

Hello,

You must reset your password to maintain access to your account.

Reset now: https://password-reset.com/reset/81460

Thank you,
IT Department"
0,"Reminder: Submit Your Timesheets

Hello everyone,

Join us for the staff meeting next Monday at 10 AM in the main conference room. An invite has been sent to your calendar.

Best,
Office Manager"
1,"Unauthorized Login Attempt Detected

Hello,

You must reset your password to maintain access to your account.

Reset now: https://password-reset.com/reset/76849

Thank you,
IT Department"
1,"Your Account Has Been Compromised

Dear user,

We've detected suspicious activity on your account. To protect your data, please verify your identity immediately.

Click here to verify: https://secure-verify.com/session/63968

Failure to comply will result in account suspension.

Sincerely,
Security Team"
0,"Wellbeing Check-In Survey

Hello everyone,

Join us for the staff meeting next Monday at 10 AM in the main conference room. An invite has been sent to your calendar.

Best,
Office Manager"
1,"Action Needed: Reset Your Password

Dear user,

We've detected suspicious activity on your account. To protect your data, please verify your identity immediately.

Click here to verify: https://secure-verify.com/session/41705

Failure to comply will result in account suspension.

Sincerely,
Security Team"
0,"Wellbeing Check-In Survey

Hello everyone,

Join us for the staff meeting next Monday at 10 AM in the main conference room. An invite has been sent to your calendar.

Best,
Office Manager"
0,"Wellbeing Check-In Survey

Hello everyone,

Join us for the staff meeting next Monday at 10 AM in the main conference room. An invite has been sent to your calendar.

Best,
Office Manager"
1,"Action Needed: Reset Your Password

Dear user,

We've detected suspicious activity on your account. To protect your data, please verify your identity immediately.

Click here to verify: https://secure-verify.com/session/17303

Failure to comply will result in account suspension.

Sincerely,
Security Team"
0,"Upcoming Staff Meeting on Monday

Hi team,

Just a friendly reminder to submit your timesheets before Friday. If you've already done so, no further action is needed.

Thanks,
Finance Ops"
1,"Your Account Has Been Compromised

Hello,

You must reset your password to maintain access to your account.

Reset now: https://password-reset.com/reset/23510

Thank you,
IT Department"
0,"Wellbeing Check-In Survey

Hi team,

Just a friendly reminder to submit your timesheets before Friday. If you've already done so, no further action is needed.

Thanks,
Finance Ops"
1,"URGENT: Verify Your Account Immediately

Dear user,

We've detected suspicious activity on your account. To protect your data, please verify your identity immediately.

Click here to verify: https://secure-verify.com/session/26758

Failure to comply will result in account suspension.

Sincerely,
Security Team"
0,"Wellbeing Check-In Survey

Hello everyone,

Join us for the staff meeting next Monday at 10 AM in the main conference room. An invite has been sent to your calendar.

Best,
Office Manager"
1,"URGENT: Verify Your Account Immediately

Dear user,

We've detected suspicious activity on your account. To protect your data, please verify your identity immediately.

Click here to verify: https://secure-verify.com/session/34242

Failure to comply will result in account suspension.

Sincerely,
Security Team"
1,"Security Notice: Confirm Identity

Dear user,

We've detected suspicious activity on your account. To protect your data, please verify your identity immediately.

Click here to verify: https://secure-verify.com/session/96097

Failure to comply will result in account suspension.

Sincerely,
Security Team"
0,"Quarterly Newsletter Released

Hi team,

Just a friendly reminder to submit your timesheets before Friday. If you've already done so, no further action is needed.

Thanks,
Finance Ops"
1,"Your Account Has Been Compromised

Hello,

You must reset your password to maintain access to your account.

Reset now: https://password-reset.com/reset/82904

Thank you,
IT Department"
1,"URGENT: Verify Your Account Immediately

Dear user,

We've detected suspicious activity on your account. To protect your data, please verify your identity immediately.

Click here to verify: https://secure-verify.com/session/22461

Failure to comply will result in account suspension.

Sincerely,
Security Team"
1,"URGENT: Verify Your Account Immediately

Hello,

You must reset your password to maintain access to your account.

Reset now: https://password-reset.com/reset/50511

Thank you,
IT Department"
1,"Security Notice: Confirm Identity

Dear user,

We've detected suspicious activity on your account. To protect your data, please verify your identity immediately.

Click here to verify: https://secure-verify.com/session/34567

Failure to comply will result in account suspension.

Sincerely,
Security Team"
1,"URGENT: Verify Your Account Immediately

Hello,

You must reset your password to maintain access to your account.

Reset now: https://password-reset.com/reset/73160

Thank you,
IT Department"
1,"Security Notice: Confirm Identity

Hello,

You must reset your password to maintain access to your account.

Reset now: https://password-reset.com/reset/83190

Thank you,
IT Department"
1,"URGENT: Verify Your Account Immediately

Dear user,

We've detected suspicious activity on your account. To protect your data, please verify your identity immediately.

Click here to verify: https://secure-verify.com/session/24794

Failure to comply will result in account suspension.

Sincerely,
Security Team"
0,"Reminder: Submit Your Timesheets

Hello everyone,

Join us for the staff meeting next Monday at 10 AM in the main conference room. An invite has been sent to your calendar.

Best,
Office Manager"
0,"Quarterly Newsletter Released

Hello everyone,

Join us for the staff meeting next Monday at 10 AM in the main conference room. An invite has been sent to your calendar.

Best,
Office Manager"
0,"Quarterly Newsletter Released

Hi team,

Just a friendly reminder to submit your timesheets before Friday. If you've already done so, no further action is needed.

Thanks,
Finance Ops"
1,"Action Needed: Reset Your Password

Dear user,

We've detected suspicious activity on your account. To protect your data, please verify your identity immediately.

Click here to verify: https://secure-verify.com/session/85667

Failure to comply will result in account suspension.

Sincerely,
Security Team"
1,"Action Needed: Reset Your Password

Dear user,

We've detected suspicious activity on your account. To protect your data, please verify your identity immediately.

Click here to verify: https://secure-verify.com/session/46746

Failure to comply will result in account suspension.

Sincerely,
Security Team"
0,"Welcome Our New Team Member

Hello everyone,

Join us for the staff meeting next Monday at 10 AM in the main conference room. An invite has been sent to your calendar.

Best,
Office Manager"
0,"Reminder: Submit Your Timesheets

Hi team,

Just a friendly reminder to submit your timesheets before Friday. If you've already done so, no further action is needed.

Thanks,
Finance Ops"
0,"Wellbeing Check-In Survey

Hi team,

Just a friendly reminder to submit your timesheets before Friday. If you've already done so, no further action is needed.

Thanks,
Finance Ops"
1,"Your Account Has Been Compromised

Hello,

You must reset your password to maintain access to your account.

Reset now: https://password-reset.com/reset/31110

Thank you,
IT Department"
1,"Security Notice: Confirm Identity

Dear user,

We've detected suspicious activity on your account. To protect your data, please verify your identity immediately.

Click here to verify: https://secure-verify.com/session/89731

Failure to comply will result in account suspension.

Sincerely,
Security Team"
0,"Reminder: Submit Your Timesheets

Hello everyone,

Join us for the staff meeting next Monday at 10 AM in the main conference room. An invite has been sent to your calendar.

Best,
Office Manager"
0,"Welcome Our New Team Member

Hi team,

Just a friendly reminder to submit your timesheets before Friday. If you've already done so, no further action is needed.

Thanks,
Finance Ops"
0,"Reminder: Submit Your Timesheets

Hi team,

Just a friendly reminder to submit your timesheets before Friday. If you've already done so, no further action is needed.

Thanks,
Finance Ops"
0,"Welcome Our New Team Member

Hello everyone,

Join us for the staff meeting next Monday at 10 AM in the main conference room. An invite has been sent to your calendar.

Best,
Office Manager"
1,"Action Needed: Reset Your Password

Dear user,

We've detected suspicious activity on your account. To protect your data, please verify your identity immediately.

Click here to verify: https://secure-verify.com/session/76354

Failure to comply will result in account suspension.

Sincerely,
Security Team"
0,"Wellbeing Check-In Survey

Hello everyone,

Join us for the staff meeting next Monday at 10 AM in the main conference room. An invite has been sent to your calendar.

Best,
Office Manager"
0,"Wellbeing Check-In Survey

Hi team,

Just a friendly reminder to submit your timesheets before Friday. If you've already done so, no further action is needed.

Thanks,
Finance Ops"
1,"URGENT: Verify Your Account Immediately

Dear user,

We've detected suspicious activity on your account. To protect your data, please verify your identity immediately.

Click here to verify: https://secure-verify.com/session/55487

Failure to comply will result in account suspension.

Sincerely,
Security Team"
0,"Upcoming Staff Meeting on Monday

Hello everyone,

Join us for the staff meeting next Monday at 10 AM in the main conference room. An invite has been sent to your calendar.

Best,
Office Manager"
0,"Welcome Our New Team Member

Hi team,

Just a friendly reminder to submit your timesheets before Friday. If you've already done so, no further action is needed.

Thanks,
Finance Ops"
0,"Wellbeing Check-In Survey

Hi team,

Just a friendly reminder to submit your timesheets before Friday. If you've already done so, no further action is needed.

Thanks,
Finance Ops"
1,"Unauthorized Login Attempt Detected

Hello,

You must reset your password to maintain access to your account.

Reset now: https://password-reset.com/reset/35154

Thank you,
IT Department"
1,"Security Notice: Confirm Identity

Dear user,

We've detected suspicious activity on your account. To protect your data, please verify your identity immediately.

Click here to verify: https://secure-verify.com/session/35066

Failure to comply will result in account suspension.

Sincerely,
Security Team"
0,"Upcoming Staff Meeting on Monday

Hi team,

Just a friendly reminder to submit your timesheets before Friday. If you've already done so, no further action is needed.

Thanks,
Finance Ops"
1,"Security Notice: Confirm Identity

Hello,

You must reset your password to maintain access to your account.

Reset now: https://password-reset.com/reset/21145

Thank you,
IT Department"
1,"URGENT: Verify Your Account Immediately

Dear user,

We've detected suspicious activity on your account. To protect your data, please verify your identity immediately.

Click here to verify: https://secure-verify.com/session/77489

Failure to comply will result in account suspension.

Sincerely,
Security Team"
1,"URGENT: Verify Your Account Immediately

Dear user,

We've detected suspicious activity on your account. To protect your data, please verify your identity immediately.

Click here to verify: https://secure-verify.com/session/65748

Failure to comply will result in account suspension.

Sincerely,
Security Team"
0,"Reminder: Submit Your Timesheets

Hi team,

Just a friendly reminder to submit your timesheets before Friday. If you've already done so, no further action is needed.

Thanks,
Finance Ops"
0,"Reminder: Submit Your Timesheets

Hello everyone,

Join us for the staff meeting next Monday at 10 AM in the main conference room. An invite has been sent to your calendar.

Best,
Office Manager"
0,"Wellbeing Check-In Survey

Hi team,

Just a friendly reminder to submit your timesheets before Friday. If you've already done so, no further action is needed.

Thanks,
Finance Ops"
1,"Your Account Has Been Compromised

Dear user,

We've detected suspicious activity on your account. To protect your data, please verify your identity immediately.

Click here to verify: https://secure-verify.com/session/76456

Failure to comply will result in account suspension.

Sincerely,
Security Team"
0,"Reminder: Submit Your Timesheets

Hello everyone,

Join us for the staff meeting next Monday at 10 AM in the main conference room. An invite has been sent to your calendar.

Best,
Office Manager"
0,"Reminder: Submit Your Timesheets

Hi team,

Just a friendly reminder to submit your timesheets before Friday. If you've already done so, no further action is needed.

Thanks,
Finance Ops"
0,"Upcoming Staff Meeting on Monday

Hello everyone,

Join us for the staff meeting next Monday at 10 AM in the main conference room. An invite has been sent to your calendar.

Best,
Office Manager"
0,"Reminder: Submit Your Timesheets

Hello everyone,

Join us for the staff meeting next Monday at 10 AM in the main conference room. An invite has been sent to your calendar.

Best,
Office Manager"
1,"Your Account Has Been Compromised

Dear user,

We've detected suspicious activity on your account. To protect your data, please verify your identity immediately.

Click here to verify: https://secure-verify.com/session/48414

Failure to comply will result in account suspension.

Sincerely,
Security Team"
0,"Upcoming Staff Meeting on Monday

Hi team,

Just a friendly reminder to submit your timesheets before Friday. If you've already done so, no further action is needed.

Thanks,
Finance Ops"
1,"Security Notice: Confirm Identity

Dear user,

We've detected suspicious activity on your account. To protect your data, please verify your identity immediately.

Click here to verify: https://secure-verify.com/session/16675

Failure to comply will result in account suspension.

Sincerely,
Security Team"
1,"Action Needed: Reset Your Password

Dear user,

We've detected suspicious activity on your account. To protect your data, please verify your identity immediately.

Click here to verify: https://secure-verify.com/session/65424

Failure to comply will result in account suspension.

Sincerely,
Security Team"
1,"Unauthorized Login Attempt Detected

Hello,

You must reset your password to maintain access to your account.

Reset now: https://password-reset.com/reset/25435

Thank you,
IT Department"
1,"Your Account Has Been Compromised

Hello,

You must reset your password to maintain access to your account.

Reset now: https://password-reset.com/reset/59030

Thank you,
IT Department"
1,"URGENT: Verify Your Account Immediately

Dear user,

We've detected suspicious activity on your account. To protect your data, please verify your identity immediately.

Click here to verify: https://secure-verify.com/session/87509

Failure to comply will result in account suspension.

Sincerely,
Security Team"
1,"Your Account Has Been Compromised

Hello,

You must reset your password to maintain access to your account.

Reset now: https://password-reset.com/reset/61396

Thank you,
IT Department"
0,"Quarterly Newsletter Released

Hello everyone,

Join us for the staff meeting next Monday at 10 AM in the main conference room. An invite has been sent to your calendar.

Best,
Office Manager"
1,"Unauthorized Login Attempt Detected

Hello,

You must reset your password to maintain access to your account.

Reset now: https://password-reset.com/reset/77001

Thank you,
IT Department"
1,"Unauthorized Login Attempt Detected

Hello,

You must reset your password to maintain access to your account.

Reset now: https://password-reset.com/reset/48630

Thank you,
IT Department"
1,"Your Account Has Been Compromised

Dear user,

We've detected suspicious activity on your account. To protect your data, please verify your identity immediately.

Click here to verify: https://secure-verify.com/session/44631

Failure to comply will result in account suspension.

Sincerely,
Security Team"
0,"Wellbeing Check-In Survey

Hello everyone,

Join us for the staff meeting next Monday at 10 AM in the main conference room. An invite has been sent to your calendar.

Best,
Office Manager"
0,"Upcoming Staff Meeting on Monday

Hello everyone,

Join us for the staff meeting next Monday at 10 AM in the main conference room. An invite has been sent to your calendar.

Best,
Office Manager"
0,"Quarterly Newsletter Released

Hi team,

Just a friendly reminder to submit your timesheets before Friday. If you've already done so, no further action is needed.

Thanks,
Finance Ops"
0,"Welcome Our New Team Member

Hi team,

Just a friendly reminder to submit your timesheets before Friday. If you've already done so, no further action is needed.

Thanks,
Finance Ops"
0,"Wellbeing Check-In Survey

Hi team,

Just a friendly reminder to submit your timesheets before Friday. If you've already done so, no further action is needed.

Thanks,
Finance Ops"
0,"Welcome Our New Team Member

Hello everyone,

Join us for the staff meeting next Monday at 10 AM in the main conference room. An invite has been sent to your calendar.

Best,
Office Manager"
0,"Welcome Our New Team Member

Hello everyone,

Join us for the staff meeting next Monday at 10 AM in the main conference room. An invite has been sent to your calendar.

Best,
Office Manager"
0,"Reminder: Submit Your Timesheets

Hi team,

Just a friendly reminder to submit your timesheets before Friday. If you've already done so, no further action is needed.

Thanks,
Finance Ops"
0,"Reminder: Submit Your Timesheets

Hi team,

Just a friendly reminder to submit your timesheets before Friday. If you've already done so, no further action is needed.

Thanks,
Finance Ops"
0,"Wellbeing Check-In Survey

Hi team,

Just a friendly reminder to submit your timesheets before Friday. If you've already done so, no further action is needed.

Thanks,
Finance Ops"
0,"Wellbeing Check-In Survey

Hello everyone,

Join us for the staff meeting next Monday at 10 AM in the main conference room. An invite has been sent to your calendar.

Best,
Office Manager"
0,"Welcome Our New Team Member

Hi team,

Just a friendly reminder to submit your timesheets before Friday. If you've already done so, no further action is needed.

Thanks,
Finance Ops"
0,"Upcoming Staff Meeting on Monday

Hello everyone,

Join us for the staff meeting next Monday at 10 AM in the main conference room. An invite has been sent to your calendar.

Best,
Office Manager"
0,"Wellbeing Check-In Survey

Hi team,

Just a friendly reminder to submit your timesheets before Friday. If you've already done so, no further action is needed.

Thanks,
Finance Ops"
0,"Wellbeing Check-In Survey

Hi team,

Just a friendly reminder to submit your timesheets before Friday. If you've already done so, no further action is needed.

Thanks,
Finance Ops"
0,"Reminder: Submit Your Timesheets

Hello everyone,

Join us for the staff meeting next Monday at 10 AM in the main conference room. An invite has been sent to your calendar.

Best,
Office Manager"
1,"Your Account Has Been Compromised

Hello,

You must reset your password to maintain access to your account.

Reset now: https://password-reset.com/reset/41653

Thank you,
IT Department"
1,"URGENT: Verify Your Account Immediately

Hello,

You must reset your password to maintain access to your account.

Reset now: https://password-reset.com/reset/22862

Thank you,
IT Department"
0,"Wellbeing Check-In Survey

Hello everyone,

Join us for the staff meeting next Monday at 10 AM in the main conference room. An invite has been sent to your calendar.

Best,
Office Manager"
1,"Security Notice: Confirm Identity

Dear user,

We've detected suspicious activity on your account. To protect your data, please verify your identity immediately.

Click here to verify: https://secure-verify.com/session/48825

Failure to comply will result in account suspension.

Sincerely,
Security Team"
0,"Wellbeing Check-In Survey

Hi team,

Just a friendly reminder to submit your timesheets before Friday. If you've already done so, no further action is needed.

Thanks,
Finance Ops"
0,"Quarterly Newsletter Released

Hello everyone,

Join us for the staff meeting next Monday at 10 AM in the main conference room. An invite has been sent to your calendar.

Best,
Office Manager"
1,"Unauthorized Login Attempt Detected

Hello,

You must reset your password to maintain access to your account.

Reset now: https://password-reset.com/reset/53322

Thank you,
IT Department"
1,"Action Needed: Reset Your Password

Dear user,

We've detected suspicious activity on your account. To protect your data, please verify your identity immediately.

Click here to verify: https://secure-verify.com/session/37192

Failure to comply will result in account suspension.

Sincerely,
Security Team"
1,"Your Account Has Been Compromised

Dear user,

We've detected suspicious activity on your account. To protect your data, please verify your identity immediately.

Click here to verify: https://secure-verify.com/session/93795

Failure to comply will result in account suspension.

Sincerely,
Security Team"
1,"Action Needed: Reset Your Password

Dear user,

We've detected suspicious activity on your account. To protect your data, please verify your identity immediately.

Click here to verify: https://secure-verify.com/session/51538

Failure to comply will result in account suspension.

Sincerely,
Security Team"
1,"URGENT: Verify Your Account Immediately

Dear user,

We've detected suspicious activity on your account. To protect your data, please verify your identity immediately.

Click here to verify: https://secure-verify.com/session/59682

Failure to comply will result in account suspension.

Sincerely,
Security Team"
0,"Wellbeing Check-In Survey

Hi team,

Just a friendly reminder to submit your timesheets before Friday. If you've already done so, no further action is needed.

Thanks,
Finance Ops"
1,"URGENT: Verify Your Account Immediately

Dear user,

We've detected suspicious activity on your account. To protect your data, please verify your identity immediately.

Click here to verify: https://secure-verify.com/session/75084

Failure to comply will result in account suspension.

Sincerely,
Security Team"
0,"Wellbeing Check-In Survey

Hello everyone,

Join us for the staff meeting next Monday at 10 AM in the main conference room. An invite has been sent to your calendar.

Best,
Office Manager"
1,"URGENT: Verify Your Account Immediately

Hello,

You must reset your password to maintain access to your account.

Reset now: https://password-reset.com/reset/53626

Thank you,
IT Department"
0,"Welcome Our New Team Member

Hello everyone,

Join us for the staff meeting next Monday at 10 AM in the main conference room. An invite has been sent to your calendar.

Best,
Office Manager"
1,"URGENT: Verify Your Account Immediately

Dear user,

We've detected suspicious activity on your account. To protect your data, please verify your identity immediately.

Click here to verify: https://secure-verify.com/session/98146

Failure to comply will result in account suspension.

Sincerely,
Security Team"
0,"Quarterly Newsletter Released

Hello everyone,

Join us for the staff meeting next Monday at 10 AM in the main conference room. An invite has been sent to your calendar.

Best,
Office Manager"
0,"Quarterly Newsletter Released

Hi team,

Just a friendly reminder to submit your timesheets before Friday. If you've already done so, no further action is needed.

Thanks,
Finance Ops"
0,"Welcome Our New Team Member

Hi team,

Just a friendly reminder to submit your timesheets before Friday. If you've already done so, no further action is needed.

Thanks,
Finance Ops"
1,"Action Needed: Reset Your Password

Dear user,

We've detected suspicious activity on your account. To protect your data, please verify your identity immediately.

Click here to verify: https://secure-verify.com/session/32346

Failure to comply will result in account suspension.

Sincerely,
Security Team"
0,"Reminder: Submit Your Timesheets

Hi team,

Just a friendly reminder to submit your timesheets before Friday. If you've already done so, no further action is needed.

Thanks,
Finance Ops"
1,"Security Notice: Confirm Identity

Hello,

You must reset your password to maintain access to your account.

Reset now: https://password-reset.com/reset/96764

Thank you,
IT Department"
0,"Reminder: Submit Your Timesheets

Hello everyone,

Join us for the staff meeting next Monday at 10 AM in the main conference room. An invite has been sent to your calendar.

Best,
Office Manager"
1,"URGENT: Verify Your Account Immediately

Hello,

You must reset your password to maintain access to your account.

Reset now: https://password-reset.com/reset/55613

Thank you,
IT Department"
0,"Quarterly Newsletter Released

Hello everyone,

Join us for the staff meeting next Monday at 10 AM in the main conference room. An invite has been sent to your calendar.

Best,
Office Manager"
0,"Quarterly Newsletter Released

Hi team,

Just a friendly reminder to submit your timesheets before Friday. If you've already done so, no further action is needed.

Thanks,
Finance Ops"
1,"Action Needed: Reset Your Password

Hello,

You must reset your password to maintain access to your account.

Reset now: https://password-reset.com/reset/23048

Thank you,
IT Department"
0,"Quarterly Newsletter Released

Hello everyone,

Join us for the staff meeting next Monday at 10 AM in the main conference room. An invite has been sent to your calendar.

Best,
Office Manager"
0,"Upcoming Staff Meeting on Monday

Hi team,

Just a friendly reminder to submit your timesheets before Friday. If you've already done so, no further action is needed.

Thanks,
Finance Ops"
0,"Welcome Our New Team Member

Hi team,

Just a friendly reminder to submit your timesheets before Friday. If you've already done so, no further action is needed.

Thanks,
Finance Ops"
0,"Wellbeing Check-In Survey

Hello everyone,

Join us for the staff meeting next Monday at 10 AM in the main conference room. An invite has been sent to your calendar.

Best,
Office Manager"
1,"Unauthorized Login Attempt Detected

Dear user,

We've detected suspicious activity on your account. To protect your data, please verify your identity immediately.

Click here to verify: https://secure-verify.com/session/19438

Failure to comply will result in account suspension.

Sincerely,
Security Team"
1,"URGENT: Verify Your Account Immediately

Dear user,

We've detected suspicious activity on your account. To protect your data, please verify your identity immediately.

Click here to verify: https://secure-verify.com/session/54429

Failure to comply will result in account suspension.

Sincerely,
Security Team"
1,"Action Needed: Reset Your Password

Hello,

You must reset your password to maintain access to your account.

Reset now: https://password-reset.com/reset/69890

Thank you,
IT Department"
1,"Your Account Has Been Compromised

Dear user,

We've detected suspicious activity on your account. To protect your data, please verify your identity immediately.

Click here to verify: https://secure-verify.com/session/42371

Failure to comply will result in account suspension.

Sincerely,
Security Team"
0,"Quarterly Newsletter Released

Hello everyone,

Join us for the staff meeting next Monday at 10 AM in the main conference room. An invite has been sent to your calendar.

Best,
Office Manager"
1,"Security Notice: Confirm Identity

Hello,

You must reset your password to maintain access to your account.

Reset now: https://password-reset.com/reset/22945

Thank you,
IT Department"
1,"Unauthorized Login Attempt Detected

Dear user,

We've detected suspicious activity on your account. To protect your data, please verify your identity immediately.

Click here to verify: https://secure-verify.com/session/79282

Failure to comply will result in account suspension.

Sincerely,
Security Team"
1,"Your Account Has Been Compromised

Dear user,

We've detected suspicious activity on your account. To protect your data, please verify your identity immediately.

Click here to verify: https://secure-verify.com/session/99046

Failure to comply will result in account suspension.

Sincerely,
Security Team"
1,"Security Notice: Confirm Identity

Dear user,

We've detected suspicious activity on your account. To protect your data, please verify your identity immediately.

Click here to verify: https://secure-verify.com/session/34111

Failure to comply will result in account suspension.

Sincerely,
Security Team"
0,"Reminder: Submit Your Timesheets

Hi team,

Just a friendly reminder to submit your timesheets before Friday. If you've already done so, no further action is needed.

Thanks,
Finance Ops"
0,"Wellbeing Check-In Survey

Hi team,

Just a friendly reminder to submit your timesheets before Friday. If you've already done so, no further action is needed.

Thanks,
Finance Ops"
0,"Quarterly Newsletter Released

Hello everyone,

Join us for the staff meeting next Monday at 10 AM in the main conference room. An invite has been sent to your calendar.

Best,
Office Manager"
1,"Action Needed: Reset Your Password

Hello,

You must reset your password to maintain access to your account.

Reset now: https://password-reset.com/reset/93653

Thank you,
IT Department"
0,"Welcome Our New Team Member

Hi team,

Just a friendly reminder to submit your timesheets before Friday. If you've already done so, no further action is needed.

Thanks,
Finance Ops"
1,"Action Needed: Reset Your Password

Hello,

You must reset your password to maintain access to your account.

Reset now: https://password-reset.com/reset/37823

Thank you,
IT Department"
0,"Welcome Our New Team Member

Hi team,

Just a friendly reminder to submit your timesheets before Friday. If you've already done so, no further action is needed.

Thanks,
Finance Ops"
1,"Unauthorized Login Attempt Detected

Hello,

You must reset your password to maintain access to your account.

Reset now: https://password-reset.com/reset/53349

Thank you,
IT Department"
0,"Wellbeing Check-In Survey

Hello everyone,

Join us for the staff meeting next Monday at 10 AM in the main conference room. An invite has been sent to your calendar.

Best,
Office Manager"
0,"Quarterly Newsletter Released

Hello everyone,

Join us for the staff meeting next Monday at 10 AM in the main conference room. An invite has been sent to your calendar.

Best,
Office Manager"
0,"Upcoming Staff Meeting on Monday

Hello everyone,

Join us for the staff meeting next Monday at 10 AM in the main conference room. An invite has been sent to your calendar.

Best,
Office Manager"
0,"Quarterly Newsletter Released

Hello everyone,

Join us for the staff meeting next Monday at 10 AM in the main conference room. An invite has been sent to your calendar.

Best,
Office Manager"
1,"Unauthorized Login Attempt Detected

Dear user,

We've detected suspicious activity on your account. To protect your data, please verify your identity immediately.

Click here to verify: https://secure-verify.com/session/47195

Failure to comply will result in account suspension.

Sincerely,
Security Team"
1,"Unauthorized Login Attempt Detected

Dear user,

We've detected suspicious activity on your account. To protect your data, please verify your identity immediately.

Click here to verify: https://secure-verify.com/session/54853

Failure to comply will result in account suspension.

Sincerely,
Security Team"
1,"URGENT: Verify Your Account Immediately

Hello,

You must reset your password to maintain access to your account.

Reset now: https://password-reset.com/reset/77209

Thank you,
IT Department"
0,"Reminder: Submit Your Timesheets

Hi team,

Just a friendly reminder to submit your timesheets before Friday. If you've already done so, no further action is needed.

Thanks,
Finance Ops"
1,"Security Notice: Confirm Identity

Hello,

You must reset your password to maintain access to your account.

Reset now: https://password-reset.com/reset/64266

Thank you,
IT Department"
0,"Welcome Our New Team Member

Hello everyone,

Join us for the staff meeting next Monday at 10 AM in the main conference room. An invite has been sent to your calendar.

Best,
Office Manager"
1,"Unauthorized Login Attempt Detected

Dear user,

We've detected suspicious activity on your account. To protect your data, please verify your identity immediately.

Click here to verify: https://secure-verify.com/session/11200

Failure to comply will result in account suspension.

Sincerely,
Security Team"
0,"Quarterly Newsletter Released

Hello everyone,

Join us for the staff meeting next Monday at 10 AM in the main conference room. An invite has been sent to your calendar.

Best,
Office Manager"
0,"Welcome Our New Team Member

Hi team,

Just a friendly reminder to submit your timesheets before Friday. If you've already done so, no further action is needed.

Thanks,
Finance Ops"
1,"Unauthorized Login Attempt Detected

Hello,

You must reset your password to maintain access to your account.

Reset now: https://password-reset.com/reset/67550

Thank you,
IT Department"
0,"Upcoming Staff Meeting on Monday

Hi team,

Just a friendly reminder to submit your timesheets before Friday. If you've already done so, no further action is needed.

Thanks,
Finance Ops"
1,"Security Notice: Confirm Identity

Dear user,

We've detected suspicious activity on your account. To protect your data, please verify your identity immediately.

Click here to verify: https://secure-verify.com/session/24560

Failure to comply will result in account suspension.

Sincerely,
Security Team"
1,"Action Needed: Reset Your Password

Hello,

You must reset your password to maintain access to your account.

Reset now: https://password-reset.com/reset/49067

Thank you,
IT Department"
1,"Unauthorized Login Attempt Detected

Hello,

You must reset your password to maintain access to your account.

Reset now: https://password-reset.com/reset/17558

Thank you,
IT Department"
1,"Security Notice: Confirm Identity

Hello,

You must reset your password to maintain access to your account.

Reset now: https://password-reset.com/reset/33373

Thank you,
IT Department"
0,"Wellbeing Check-In Survey

Hello everyone,

Join us for the staff meeting next Monday at 10 AM in the main conference room. An invite has been sent to your calendar.

Best,
Office Manager"
0,"Quarterly Newsletter Released

Hi team,

Just a friendly reminder to submit your timesheets before Friday. If you've already done so, no further action is needed.

Thanks,
Finance Ops"
1,"Unauthorized Login Attempt Detected

Hello,

You must reset your password to maintain access to your account.

Reset now: https://password-reset.com/reset/10756

Thank you,
IT Department"
